Protein,Directory,Sequence,Resitype,Psivalue,Repeats,Uniprot,Uniprot_seq
A1LCD,F:\DATA_F\PDB_1009\A1LCD-summary,GSMASASSSQRGRSGSGNFGGGRGGGFGGNDNFGRGGNFSGRGGFGGSRGGGGYGGSGDGYNGFGNDGSNFGGGGSYNDFGNYNNQSSNFGPMKGGNFGGRSSGPYGGGGQYFAKPRNQGGYGGSSSSSSYGSGRRF,['BB'],"['-1', '-2', '-3', '0', '1', '2', '3']",5,P09651,
Ash1,F:\DATA_F\PDB_1009\Ash1-summary,GASASSSPSPSTPTKSGKMRSRSSSPVRPKAYTPSPRSPNYHRFALDSPPQSPRRSSNSSITKKGSRRSSGSSPTRHTTRVCV,['BB'],"['-1', '-2', '-3', '0', '1', '2', '3']",5,P34233,
At1g54410_dehydrin,F:\DATA_F\PDB_1009\At1g54410_dehydrin-summary,MAGLINKIGDALHIGGGNKEGEHKKEEEHKKHVDEHKSGEHKEGIVDKIKDKIHGGEGKSHDGEGKSHDGEKKKKKDKKEKKHHDDGHHSSSSDSDSD,['BB'],"['1', '3', '0.5', '2', '0', '-0.5', '-1', '-2', '-3']",5,Q9SLJ2,
At2g23120_PvLEA18,F:\DATA_F\PDB_1009\At2g23120_PvLEA18-summary,MEAGKTPPTTTTTTEKKTEQVKDNDLPTDSPYMATGTLEDYKLKAYGAEGHQEPTPGLGGGSTDAPTPSGDAPAATTTDAKAP,['BB'],"['3', '0', '2', '0.5', '-2', '-1', '-0.5', '1', '-3']",5,Q8S8R1,
At2g40170_LEA_5,F:\DATA_F\PDB_1009\At2g40170_LEA_5-summary,MASQQEKKQLDERAKKGETVVPGGTGGKSFEAQQHLAEGRSRGGQTRKEQLGTEGYQQMGRKGGLSTGDKPGGEHAEEEGVEIDESKFRTKT,['BB'],"['3', '2', '1', '0.5', '0', '-0.5', '-1', '-3', '-2']",5,Q02973,
At2g41280_AtM,F:\DATA_F\PDB_1009\At2g41280_AtM-summary,MGNLMSLVLVALLFSLSLAVIADTSNDATHVKEEVKPSTEATDAIEAEVEVNDAVVEPQQGLPGGGCRFGCCGGYWWNGLCIYCCRSQAEANEVVKTVEPQKEEAKP,['BB'],"['3', '2', '-1', '1', '-2', '-3', '-0.5', '0.5', '0']",5,O81483,
At4g21020_1,F:\DATA_F\PDB_1009\At4g21020_1-summary,MAAMQLTRTALVGLSKAFPGIKAPATLAASSRKVSRICFATSVSQNEGRDPLDNARDSRADSAYGSKKWREDTGEYYAQAAKDKANEGASKAADKAYETK,['BB'],"['0', '1', '-2', '3', '-1', '-0.5', '0.5', '2', '-3']",5,Q9SUB2,
At4g21020_2,F:\DATA_F\PDB_1009\At4g21020_2-summary,AKDKANEGASKAADKAYETKEQAKDKAYETKEKAKDTAYNAKEKAKDYAERTKDKVNEGAYKAADKAEDTKEKAKDYAEDTMDNAKEKARHAKEKVKEYG,['BB'],"['-0.5', '3', '0.5', '0', '-1', '2', '1', '-3', '-2']",5,Q9SUB2,
At4g21020_3,F:\DATA_F\PDB_1009\At4g21020_3-summary,TMDNAKEKARHAKEKVKEYGEDTKEKAEGFKETVKGKAEELGEKTKETVKGAWESTKNAAQTVTEAVVGPEEDAEKARADMNKGVEDHRKKKAEKDQKEDDFITFN,['BB'],"['0.5', '0', '2', '-0.5', '1', '-1', '3', '-2', '-3']",5,Q9SUB2,
At5g44310_1,F:\DATA_F\PDB_1009\At5g44310_1-summary,MAAMQLTRTVFFGISKAFPKSQAPRTLAVAIGRKSSRVFFASSVNHSKGRYDPVEKARDSRADLAYDSKKWREESGEYAEAGKGKAHKTKEEAKDKAYDM,['BB'],"['2', '1', '-0.5', '-2', '3', '0.5', '-1', '0', '-3']",5,Q6NMC2,
At5g44310_2,F:\DATA_F\PDB_1009\At5g44310_2-summary,AGKGKAHKTKEEAKDKAYDMKERTKDYAEQTKNKVNEGASRAADKAYETKEKAKDKAYDVKEKTKDYAEEAKDKVNEGASRAADKAYETKEKAKDKAYDV,['BB'],"['0.5', '2', '0', '-0.5', '-2', '3', '-3', '1', '-1']",5,Q6NMC2,
At5g44310_3,F:\DATA_F\PDB_1009\At5g44310_3-summary,RAADKAYETKEKAKDKAYDVKEKTKDFAEETKEKVNEGASRAADKAYETKEKAKDKAYDVKEKTKNYAEQTKDKVNEGASRAADKAEETKDKAKDYAEDS,['BB'],"['3', '2', '1', '0.5', '0', '-0.5', '-1', '-2', '-3']",5,Q6NMC2,
At5g44310_4,F:\DATA_F\PDB_1009\At5g44310_4-summary,RAADKAEETKDKAKDYAEDSKEKAEDMAHGFKEKAQDIGEKTMDTVKDVWETAKSTAQKVTEAVVGSGEEADKARDDVDKGLEDLSKKAKENRNKDDDFKRF,['BB'],"['2', '3', '1', '-2', '-0.5', '0', '-1', '0.5', '-3']",5,Q6NMC2,
cMyc,F:\DATA_F\PDB_1009\cMyc-summary,MPLNVSFTNRNYDLDYDSVQPYFYCDEEENFYQQQQQSELQPPAPSEDIWKKFELLPTPPLSPSRRSGLCSPSYVAVTPFSLRGDNDGGGGSFSTADQLEMVTELLGGDMVNQSFICDPDDETFIKNIIIQDCMWSGFSAAAKLVSEKLA,['BB'],"['-1', '-2', '-3', '0', '1', '2', '3']",5,P01106-1,
DP00007,F:\DATA_F\PDB_1009\DP00007-summary,MPKRGKKGAVAEDGDELRTEPEAKKSKTAAKKNDKEAAGEGPA,['BB'],"['-1', '-2', '-3', '0', '1', '2', '3']",5,P27695,MPKRGKKGAVAEDGDELRTEPEAKKSKTAAKKNDKEAAGEGPALYEDPPDQKTSPSGKPATLKICSWNVDGLRAWIKKKGLDWVKEEAPDILCLQETKCSENKLPAELQELPGLSHQYWSAPSDKEGYSGVGLLSRQCPLKVSYGIGDEEHDQEGRVIVAEFDSFVLVTAYVPNAGRGLVRLEYRQRWDEAFRKFLKGLASRKPLVLCGDLNVAHEEIDLRNPKGNKKNAGFTPQERQGFGELLQAVPLADSFRHLYPNTPYAYTFWTYMMNARSKNVGWRLDYFLLSHSLLPALCDSKIRSKALGSDHCPITLYLAL
DP00011,F:\DATA_F\PDB_1009\DP00011-summary,LPEETMDFMVQHTSFKEMKKNPMTNYTTVPQELMDHSISPFMRKGM,['BB'],"['-1', '-2', '-3', '0', '1', '2', '3']",5,P0DMM9,MELIQDTSRPPLEYVKGVPLIKYFAEALGPLQSFQARPDDLLINTYPKSGTTWVSQILDMIYQGGDLEKCNRAPIYVRVPFLEVNDPGEPSGLETLKDTPPPRLIKSHLPLALLPQTLLDQKVKVVYVARNPKDVAVSYYHFHRMEKAHPEPGTWDSFLEKFMAGEVSYGSWYQHVQEWWELSRTHPVLYLFYEDMKENPKREIQKILEFVGRSLPEETMDFMVQHTSFKEMKKNPMTNYTTVPQELMDHSISPFMRKGMAGDWKTTFTVAQNERFDADYAEKMAGCSLSFRSEL
DP00013,F:\DATA_F\PDB_1009\DP00013-summary,DPRFQDSSSSKAPPPSLPSPSRLPGPSDTPILPQ,['BB'],"['3', '2', '1', '0.5', '-0.5', '0', '-1', '-2', '-3']",5,P0DN86,MEMFQGLLLLLLLSMGGTWASKEPLRPRCRPINATLAVEKEGCPVCITVNTTICAGYCPTMTRVLQGVLPALPQVVCNYRDVRFESIRLPGCPRGVNPVVSYAVALSCQCALCRRSTTDCGGPKDHPLTCDDPRFQDSSSSKAPPPSLPSPSRLPGPSDTPILPQ
DP00029,F:\DATA_F\PDB_1009\DP00029-summary,RSPDKQAAALPRRERNRQAAAASPENSRGKGRRGQR,['BB'],"['3', '1', '2', '0.5', '0', '-0.5', '-1', '-2', '-3']",5,Q07731,MKLWDVVAVCLVLLHTASAFPLPAGKRLLEAPAEDHSLGHRRVPFALTSDSNMPEDYPDQFDDVMDFIQATIKRLKRSPDKQAAALPRRERNRQAAAASPENSRGKGRRGQRGKNRGCVLTAIHLNVTDLGLGYETKEELIFRYCSGSCEAAETMYDKILKNLSRSRRLTSDKVGQACCRPVAFDDDLSFLDDSLVYHILRKHSAKRCGCI
DP00048,F:\DATA_F\PDB_1009\DP00048-summary,LEAQEEEEVGFPVTPQVPLR,['BB'],"['3', '2', '1', '0.5', '0', '-3', '-2', '-1', '-0.5']",5,P03406,MGGKWSKSSVVGWPTVRERMRRAEPAADGVGAASRDLEKHGAITSSNTAATNAACAWLEAQEEEEVGFPVTPQVPLRPMTYKAAVDLSHFLKEKGGLEGLIHSQRRQDILDLWIYHTQGYFPDWQNYTPGPGVRYPLTFGWCYKLVPVEPDKVEEANKGENTSLLHPVSLHGMDDPEREVLEWRFDSRLAFHHVARELHPEYFKNC
DP00055,F:\DATA_F\PDB_1009\DP00055-summary,LLPAGGENGSEATDVSDEVEAAEMEDEAVRSQVQHKPK,['BB'],"['3', '2', '1', '0.5', '0', '-3', '-2', '-1', '-0.5']",5,P10688,MDSGRDFLTLHGLQDDPDLQALLKGSQLLKVKSSSWRRERFYKLQEDCKTIWQESRKVMRSPESQLFSIEDIQEVRMGHRTEGLEKFARDIPEDRCFSIVFKDQRNTLDLIAPSPADAQHWVQGLRKIIHHSGSMDQRQKLQHWIHSCLRKADKNKDNKMNFKELKDFLKELNIQVDDGYARKIFRECDHSQTDSLEDEEIETFYKMLTQRAEIDRAFEEAAGSAETLSVERLVTFLQHQQREEEAGPALALSLIERYEPSETAKAQRQMTKDGFLMYLLSADGNAFSLAHRRVYQDMDQPLSHYLVSSSHNTYLLEDQLTGPSSTEAYIRALCKGCRCLELDCWDGPNQEPIIYHGYTFTSKILFCDVLRAIRDYAFKASPYPVILSLENHCSLEQQRVMARHLRAILGPILLDQPLDGVTTSLPSPEQLKGKILLKGKKLGGLLPAGGENGSEATDVSDEVEAAEMEDEAVRSQVQHKPKEDKLKLVPELSDMIIYCKSVHFGGFSSPGTSGQAFYEMASFSESRALRLLQESGNGFVRHNVSCLSRIYPAGWRTDSSNYSPVEMWNGGCQIVALNFQTPGPEMDVYLGCFQDNGGCGYVLKPAFLRDPNTTFNSRALTQGPWWRPERLRVRIISGQQLPKVNKNKNSIVDPKVIVEIHGVGRDTGSRQTAVITNNGFNPRWDMEFEFEVTVPDLALVRFMVEDYDSSSKNDFIGQSTIPWNSLKQGYRHVHLLSKNGDQHPSATLFVKISIQD
DP00060,F:\DATA_F\PDB_1009\DP00060-summary,DKFYTPKTRPSGHDIGKSFSKDNGGSIPPNLLQISNSE,['BB'],"['3', '2', '1', '0.5', '0', '-3', '-2', '-1', '-0.5']",5,P11409,MMTLNLQTMSSNDMLNFGKKPAYTTSNGSMYIGDSLELLESFPDESISLVMTSPPFALQRKKEYGNLEQHEYVDWFLSFAKVVNKKLKPDGSFVVDFGGAYMKGVPARSIYNFRVLIRMIDEVGFFLAEDFYWFNPSKLPSPIEWVNKRKIRVKDAVNTVWWFSKTEWPKSDITKVLAPYSDRMKKLIEDPDKFYTPKTRPSGHDIGKSFSKDNGGSIPPNLLQISNSESNGQYLANCKLMGIKAHPARFPAKLPEFFIRMLTEPDDLVVDIFGGSNTTGLVAERESRKWISFEMKPEYVAASAFRFLDNNISEEKITDIYNRILNGESLDLNSII
DP00067,F:\DATA_F\PDB_1009\DP00067-summary,MFGRDPFDSLFERMFKEFFATPMTGTTMIQSS,['BB'],"['-1', '-2', '-3', '0', '1', '2', '3']",5,Q57733,MFGRDPFDSLFERMFKEFFATPMTGTTMIQSSTGIQISGKGFMPISIIEGDQHIKVIAWLPGVNKEDIILNAVGDTLEIRAKRSPLMITESERIIYSEIPEEEEIYRTIKLPATVKEENASAKFENGVLSVILPKAESSIKKGINIE
DP00070,F:\DATA_F\PDB_1009\DP00070-summary,EEGAPQEGILEDMPVDPDNEAYEMPSEEGYQDYEPEA,['BB'],"['1', '2', '0.5', '-2', '0', '3', '-0.5', '-1', '-3']",5,P37840,MDVFMKGLSKAKEGVVAAAEKTKQGVAEAAGKTKEGVLYVGSKTKEGVVHGVATVAEKTKEQVTNVGGAVVTGVTAVAQKTVEGAGSIAAATGFVKKDQLGKNEEGAPQEGILEDMPVDPDNEAYEMPSEEGYQDYEPEA
DP00080,F:\DATA_F\PDB_1009\DP00080-summary,DSQKRREILSRRPSYRKILNDLSSD,['BB'],"['-1', '-2', '-3', '0', '1', '2', '3']",5,P15337,MTMDSGADNQQSGDAAVTEAESQQMTVQAQPQIATLAQVSMPAAHATSSAPTVTLVQLPNGQTVQVHGVIQAAQPSVIQSPQVQTVQISTIAESEDSQESVDSVTDSQKRREILSRRPSYRKILNDLSSDAPGVPRIEEEKSEEETSAPAITTVTVPTPIYQTSSGQYIAITQGGAIQLANNGTDGVQGLQTLTMTNAAATQPGTTILQYAQTTDGQQILVPSNQVVVQAASGDVQTYQIRTAPTSTIAPGVVMASSPALPTQPAEEAARKREVRLMKNREAARECRRKKKEYVKCLENRVAVLENQNKTLIEELKALKDLYCHKSD
DP00083,F:\DATA_F\PDB_1009\DP00083-summary,STDSTPMFEYENLEDNSKEWTSLFDNDIPVTTDD,['BB'],"['-1', '-2', '-3', '0', '1', '2', '3']",5,P03069,MSEYQPSLFALNPMGFSPLDGSKSTNENVSASTSTAKPMVGQLIFDKFIKTEEDPIIKQDTPSNLDFDFALPQTATAPDAKTVLPIPELDDAVVESFFSSSTDSTPMFEYENLEDNSKEWTSLFDNDIPVTTDDVSLADKAIESTEEVSLVPSNLEVSTTSFLPTPVLEDAKLTQTRKVKKPNSVVKKSHHVGKDDESRLDHLGVVAYNRKQRSIPLSPIVPESSDPAALKRARNTEAARRSRARKLQRMKQLEDKVEELLSKNYHLENEVARLKKLVGER
DP00100,F:\DATA_F\PDB_1009\DP00100-summary,IDLAAAPMGVEIMAPPGMEEMTSQLQSMFQNLGGQ,['BB'],"['3', '2', '1', '0', '-1', '-2', '-3', '0.5', '-0.5']",5,P0A6H5,MSEMTPREIVSELDKHIIGQDNAKRSVAIALRNRWRRMQLNEELRHEVTPKNILMIGPTGVGKTEIARRLAKLANAPFIKVEATKFTEVGYVGKEVDSIIRDLTDAAVKMVRVQAIEKNRYRAEELAEERILDVLIPPAKNNWGQTEQQQEPSAARQAFRKKLREGQLDDKEIEIDLAAAPMGVEIMAPPGMEEMTSQLQSMFQNLGGQKQKARKLKIKDAMKLLIEEEAAKLVNPEELKQDAIDAVEQHGIVFIDEIDKICKRGESSGPDVSREGVQRDLLPLVEGCTVSTKHGMVKTDHILFIASGAFQIAKPSDLIPELQGRLPIRVELQALTTSDFERILTEPNASITVQYKALMATEGVNIEFTDSGIKRIAEAAWQVNESTENIGARRLHTVLERLMEEISYDASDLSGQNITIDADYVSKHLDALVADEDLSRFIL
DP00103,F:\DATA_F\PDB_1009\DP00103-summary,MSSKEQKTPEGQAPEEIIMDQHEEIEAVEPEA,['BB'],"['-1', '-2', '-3', '0', '1', '2', '3']",5,P09372,MSSKEQKTPEGQAPEEIIMDQHEEIEAVEPEASAEQVDPRDEKVANLEAQLAEAQTRERDGILRVKAEMENLRRRTELDIEKAHKFALEKFINELLPVIDSLDRALEVADKANPDMSAMVEGIELTLKSMLDVVRKFGVEVIAETNVPLDPNVHQAIAMVESDDVAPGNVLGIMQKGYTLNGRTIRAAMVTVAKAKA
DP00107,F:\DATA_F\PDB_1009\DP00107-summary,SDNVQVAPQEVEVSSYLVGQIDSEVDTDDLSNFQL,['BB'],"['-1', '-2', '-3', '0', '1', '2', '3']",5,P69924,MAYTTFSQTKNDQLKEPMFFGQPVNVARYDQQKYDIFEKLIEKQLSFFWRPEEVDVSRDRIDYQALPEHEKHIFISNLKYQTLLDSIQGRSPNVALLPLISIPELETWVETWAFSETIHSRSYTHIIRNIVNDPSVVFDDIVTNEQIQKRAEGISSYYDELIEMTSYWHLLGEGTHTVNGKTVTVSLRELKKKLYLCLMSVNALEAIRFYVSFACSFAFAERELMEGNAKIIRLIARDEALHLTGTQHMLNLLRSGADDPEMAEIAEECKQECYDLFVQAAQQEKDWADYLFRDGSMIGLNKDILCQYVEYITNIRMQAVGLDLPFQTRSNPIPWINTWLVSDNVQVAPQEVEVSSYLVGQIDSEVDTDDLSNFQL
DP00133,F:\DATA_F\PDB_1009\DP00133-summary,MAEEQARHVKNGLECIRALKAEPIGSLAIEEAMAAWSEISDNPGQERATC,['BB'],"['3', '2', '1', '0', '-3', '-2', '-1']",5,P03422,MAEEQARHVKNGLECIRALKAEPIGSLAIEEAMAAWSEISDNPGQERATCREEKAGSSGLSKPCLSAIGSTEGGAPRIRGQGPGESDDDAETLGIPPRNLQASSTGLQCYYVYDHSGEAVKGIQDADSIMVQSGLDGDSTLSGGDNESENSDVDIGEPDTEGYAITDRGSAPISMGFRASDVETAEGGEIHELLRLQSRGNNFPKLGKTLNVPPPPDPGRASTSGTPIKKGTERRLASFGTEIASLLTGGATQCARKSPSEPSGPGAPAGNVPECVSNAALIQEWTPESGTTISPRSQNNEEGGDYYDDELFSDVQDIKTALAKIHEDNQKIISKLESLLLLKGEVESIKKQINRQNISISTLEGHLSSIMIAIPGLGKDPNDPTADVEINPDLKPIIGRDSGRALAEVLKKPVASRQLQGMTNGRTSSRGQLLKEFQLKPIGKKMSSAVGFVPDTGPASRSVIRSIIKSSRLEEDRKRYLMTLLDDIKGANDLAKFHQMLMKIIMK
DP00159,F:\DATA_F\PDB_1009\DP00159-summary,FIDENLKAADSDPTAPPYDSLLVFDYEGSGSEAASLSSLNSSESDQDQDYDYLNEWGNRFKKLADMYGGGEDD,['BB'],"['-1', '3', '-3', '2', '0', '0.5', '1', '-0.5', '-2']",5,P09803,MGARCRSFSALLLLLQVSSWLCQELEPESCSPGFSSEVYTFPVPERHLERGHVLGRVRFEGCTGRPRTAFFSEDSRFKVATDGTITVKRHLKLHKLETSFLVRARDSSHRELSTKVTLKSMGHHHHRHHHRDPASESNPELLMFPSVYPGLRRQKRDWVIPPISCPENEKGEFPKNLVQIKSNRDKETKVFYSITGQGADKPPVGVFIIERETGWLKVTQPLDREAIAKYILYSHAVSSNGEAVEDPMEIVITVTDQNDNRPEFTQEVFEGSVAEGAVPGTSVMKVSATDADDDVNTYNAAIAYTIVSQDPELPHKNMFTVNRDTGVISVLTSGLDRESYPTYTLVVQAADLQGEGLSTTAKAVITVKDINDNAPVFNPSTYQGQVPENEVNARIATLKVTDDDAPNTPAWKAVYTVVNDPDQQFVVVTDPTTNDGILKTAKGLDFEAKQQYILHVRVENEEPFEGSLVPSTATVTVDVVDVNEAPIFMPAERRVEVPEDFGVGQEITSYTAREPDTFMDQKITYRIWRDTANWLEINPETGAIFTRAEMDREDAEHVKNSTYVALIIATDDGSPIATGTGTLLLVLLDVNDNAPIPEPRNMQFCQRNPQPHIITILDPDLPPNTSPFTAELTHGASVNWTIEYNDAAQESLILQPRKDLEIGEYKIHLKLADNQNKDQVTTLDVHVCDCEGTVNNCMKAGIVAAGLQVPAILGILGGILALLILILLLLLFLRRRTVVKEPLLPPDDDTRDNVYYYDEEGGGEEDQDFDLSQLHRGLDARPEVTRNDVAPTLMSVPQYRPRPANPDEIGNFIDENLKAADSDPTAPPYDSLLVFDYEGSGSEAASLSSLNSSESDQDQDYDYLNEWGNRFKKLADMYGGGEDD
DP00179,F:\DATA_F\PDB_1009\DP00179-summary,NTDQQKVSEIFQSSKEKLQGDAKVVSDAFKK,['BB'],"['-1', '-2', '-3', '0', '1', '2', '3']",5,P01094,MNTDQQKVSEIFQSSKEKLQGDAKVVSDAFKKMASQDKDGKTTDADESEKHNYQEQYNKLKGAGHKKE
DP00195,F:\DATA_F\PDB_1009\DP00195-summary,MPKRKAEGDAEGDKAKVKDEPQRRSARLSAKPAPPKPEPKPKKAPAKKGEKVPKGKKGKADAGKDGNNPAENGDAKTDQAQKAEGAGDA,['BB'],"['-0.5', '-2', '3', '2', '-1', '0', '0.5', '-3', '1']",5,P02313,MPKRKAEGDAEGDKAKVKDEPQRRSARLSAKPAPPKPEPKPKKAPAKKGEKVPKGKKGKADAGKDGNNPAENGDAKTDQAQKAEGAGDAK
DP00246,F:\DATA_F\PDB_1009\DP00246-summary,MAQWDDFPDQQEDTDSCTESVKFDARSVTALLPPHPKNGPTLQERMKSYK,['BB'],"['3', '2', '1', '0.5', '0', '-3', '-2', '-1', '-0.5']",5,P21758,MAQWDDFPDQQEDTDSCTESVKFDARSVTALLPPHPKNGPTLQERMKSYKTALITLYLIVFVVLVPIIGIVAAQLLKWETKNCTVGSVNADISPSPEGKGNGSEDEMRFREAVMERMSNMESRIQYLSDNEANLLDAKNFQNFSITTDQRFNDVLFQLNSLLSSIQEHENIIGDISKSLVGLNTTVLDLQFSIETLNGRVQENAFKQQEEMRKLEERIYNASAEIKSLDEKQVYLEQEIKGEMKLLNNITNDLRLKDWEHSQTLKNITLLQGPPGPPGEKGDRGPPGQNGIPGFPGLIGTPGLKGDRGISGLPGVRGFPGPMGKTGKPGLNGQKGQKGEKGSGSMQRQSNTVRLVGGSGPHEGRVEIFHEGQWGTVCDDRWELRGGLVVCRSLGYKGVQSVHKRAYFGKGTGPIWLNEVFCFGKESSIEECRIRQWGVRACSHDEDAGVTCTT
DP00284,F:\DATA_F\PDB_1009\DP00284-summary,TNVLNQGGEVGYDSSSNVIQDSNLDTAINPDDRPLSEIPTDDNPNMSMAEM,['BB'],"['-0.5', '-1', '-2', '-3', '0', '0.5', '1', '2', '3']",5,P16009,MEMISNNLNWFVGVVEDRMDPLKLGRVRVRVVGLHPPQRAQGDVMGIPTEKLPWMSVIQPITSAAMSGIGGSVTGPVEGTRVYGHFLDKWKTNGIVLGTYGGIVREKPNRLEGFSDPTGQYPRRLGNDTNVLNQGGEVGYDSSSNVIQDSNLDTAINPDDRPLSEIPTDDNPNMSMAEMLRRDEGLRLKVYWDTEGYPTIGIGHLIMKQPVRDMAQINKVLSKQVGREITGNPGSITMEEATTLFERDLADMQRDIKSHSKVGPVWQAVNRSRQMALENMAFQMGVGGVAKFNTMLTAMLAGDWEKAYKAGRDSLWYQQTKGRASRVTMIILTGNLESYGVEVKTPARSLSAMAATVAKSSDPADPPIPNDSRILFKEPVSSYKGEYPYVHTMETESGHIQEFDDTPGQERYRLVHPTGTYEEVSPSGRRTRKTVDNLYDITNADGNFLVAGDKKTNVGGSEIYYNMDNRLHQIDGSNTIFVRGDETKTVEGNGTILVKGNVTIIVEGNADITVKGDATTLVEGNQTNTVNGNLSWKVAGTVDWDVGGDWTEKMASMSSISSGQYTIDGSRIDIG
DP00303,F:\DATA_F\PDB_1009\DP00303-summary,HHEAELKPLAQSHATKHKIP,['BB'],"['3', '2', '1', '0', '-3', '-2', '-1']",5,P02185,MVLSEGEWQLVLHVWAKVEADVAGHGQDILIRLFKSHPETLEKFDRFKHLKTEAEMKASEDLKKHGVTVLTALGAILKKKGHHEAELKPLAQSHATKHKIPIKYLEFISEAIIHVLHSRHPGDFGADAQGAMNKALELFRKDIAAKYKELGYQG
DP00356,F:\DATA_F\PDB_1009\DP00356-summary,TDFIDEEVLMSLVIEMGLDRIKELPELWLGQNEFDFMTDFVCKQQPSRVS,['BB'],"['-1', '-2', '-3', '0', '1', '2', '3']",5,Q99967,MADHMMAMNHGRFPDGTNGLHHHPAHRMGMGQFPSPHHHQQQQPQHAFNALMGEHIHYGAGNMNATSGIRHAMGPGTVNGGHPPSALAPAARFNNSQFMGPPVASQGGSLPASMQLQKLNNQYFNHHPYPHNHYMPDLHPAAGHQMNGTNQHFRDCNPKHSGGSSTPGGSGGSSTPGGSGSSSGGGAGSSNSGGGSGSGNMPASVAHVPAAMLPPNVIDTDFIDEEVLMSLVIEMGLDRIKELPELWLGQNEFDFMTDFVCKQQPSRVSC
DP00398,F:\DATA_F\PDB_1009\DP00398-summary,KKVPVLPMVAGGSGLDEFINFDPEVERQQTELRHKRTGGKH,['BB'],"['3', '2', '1', '0.5', '0', '-0.5', '-1', '-2', '-3']",5,P07342,MIRQSTLKNFAIKRCFQHIAYRNTPAMRSVALAQRFYSSSSRYYSASPLPASKRPEPAPSFNVDPLEQPAEPSKLAKKLRAEPDMDTSFVGLTGGQIFNEMMSRQNVDTVFGYPGGAILPVYDAIHNSDKFNFVLPKHEQGAGHMAEGYARASGKPGVVLVTSGPGATNVVTPMADAFADGIPMVVFTGQVPTSAIGTDAFQEADVVGISRSCTKWNVMVKSVEELPLRINEAFEIATSGRPGPVLVDLPKDVTAAILRNPIPTKTTLPSNALNQLTSRAQDEFVMQSINKAADLINLAKKPVLYVGAGILNHADGPRLLKELSDRAQIPVTTTLQGLGSFDQEDPKSLDMLGMHGCATANLAVQNADLIIAVGARFDDRVTGNISKFAPEARRAAAEGRGGIIHFEVSPKNINKVVQTQIAVEGDATTNLGKMMSKIFPVKERSEWFAQINKWKKEYPYAYMEETPGSKIKPQTVIKKLSKVANDTGRHVIVTTGVGQHQMWAAQHWTWRNPHTFITSGGLGTMGYGLPAAIGAQVAKPESLVIDIDGDASFNMTLTELSSAVQAGTPVKILILNNEEQGMVTQWQSLFYEHRYSHTHQLNPDFIKLAEAMGLKGLRVKKQEELDAKLKEFVSTKGPVLLEVEVDKKVPVLPMVAGGSGLDEFINFDPEVERQQTELRHKRTGGKH
DP00399,F:\DATA_F\PDB_1009\DP00399-summary,VEGGAHDVIVKDRINDYHPK,['BB'],"['3', '2', '1', '0.5', '0', '-3', '-2', '-1', '-0.5']",5,P50097,MAKYYNEPCHTFNEYLLIPGLSTVDCIPSNVNLSTPLVKFQKGQQSEINLKIPLVSAIMQSVSGEKMAIALAREGGISFIFGSQSIESQAAMVHAVKNFKAGFVVSDSNVKPDQTFADVLAISQRTTHNTVAVTDDGTPHGVLLGLVTQRDYPIDLTQTETKVSDMMTPFSKLVTAHQDTKLSEANKIIWEKKLNALPIIDDDQHLRYIVFRKDYDRSQVCHNELVDSQKRYLVGAGINTRDFRERVPALVEAGADVLCIDSSDGFSEWQKITIGWIREKYGDKVKVGAGNIVDGEGFRYLADAGADFIKIGIGGGSICITREQKGIGRGQATAVIDVVAERNKYFEETGIYIPVCSDGGIVYDYHMTLALAMGADFIMLGRYFARFEESPTRKVTINGSVMKEYWGEGSSRARNWQRYDLGGKQKLSFEEGVDSYVPYAGKLKDNVEASLNKVKSTMCNCGALTIPQLQSKAKITLVSSVSIVEGGAHDVIVKDRINDYHPK
DP00438,F:\DATA_F\PDB_1009\DP00438-summary,NFGPKGFGYGQGAGALVHAQ,['BB'],"['3', '2', '1', '0', '-3', '-2', '-1']",5,Q05158,MPNWGGGNKCGACGRTVYHAEEVQCDGRSFHRCCFLCMVCRKNLDSTTVAIHDAEVYCKSCYGKKYGPKGYGYGQGAGTLNMDRGERLGIKPESSPSPHRPTTNPNTSKFAQKFGGAEKCSRCGDSVYAAEKVIGAGKPWHKNCFRCAKCGKSLESTTLTEKEGEIYCKGCYAKNFGPKGFGYGQGAGALVHAQ
DP00449,F:\DATA_F\PDB_1009\DP00449-summary,EENRTEAPEETEPERETPSAINGNPSWHLADSPAVNGATGHSSSLDAREV,['BB'],"['3', '2', '1', '0', '-3', '-2', '-1']",5,P53563,MSQSNRELVVDFLSYKLSQKGYSWSQFSDVEENRTEAPEETEPERETPSAINGNPSWHLADSPAVNGATGHSSSLDAREVIPMAAVKQALREAGDEFELRYRRAFSDLTSQLHITPGTAYQSFEQVVNELFRDGVNWGRIVAFFSFGGALCVESVDKEMQVLVSRIASWMATYLNDHLEPWIQENGGWDTFVDLYGNNAAAESRKGQERFNRWFLTGMTVAGVVLLGSLFSRK
DP00491,F:\DATA_F\PDB_1009\DP00491-summary,VVEWTNNTLPLEPCPKEQIIGLSRRIADENGKPRPAFSNALEPDFKALSIAVTGSGSCRHLQFIPVAPPSPGSSAAPATEVPDRDPEKSSEDDVYLH,['BB'],"['1', '-2', '3', '2', '-0.5', '-3', '0', '0.5', '-1']",5,Q62165,MSVDNWLLHPLWGQTFLLLLSVAVAQAHWPSEPSEAVRDWKNQLEASMHSVLSDFQEAVPTVVGIPDGTAVVGRSFRVSIPTDLIASSGEIIKVSAAGKEALPSWLHWDPHSHILEGLPLDTDKGVHYISVSAARLGANGSHVPQTSSVFSIEVYPEDHNEPQSVRAASSDPGEVVPSACAADEPVTVLTVILDADLTKMTPKQRIDLLNRMQSFSEVELHNMKLVPVVNNRLFDMSAFMAGPGNAKKVVENGALLSWKLGCSLNQNSVPDIRGVETPAREGAMSAQLGYPVVGWHIANKKPTLPKRLRRQIHATPTPVTAIGPPTTAIQEPPSRIVPTPTSPAIAPPTETMAPPVRDPVPGKPTVTIRTRGAIIQTPTLGPIQPTRVSEAGTTVPGQIRPTLTIPGYVEPTAVITPPTTTTKKPRVSTPKPATPSTDSSTTTTRRPTKKPRTPRPVPRVTTKAPITRLETASPPTRIRTTTSGVPRGGEPNQRPELKNHIDRVDAWVGTYFEVKIPSDTFYDNEDTTTDKLKLTLKLREQQLVGEKSWVQFNSNSQLMYGLPDSSHVGKHEYFMHATDKGGLSAVDAFEIHVHKRPQGDKAPARFKARLAGDPAPVVNDIHKKIALVKKLAFAFGDRNCSSITLQNITRGSIVVEWTNNTLPLEPCPKEQIIGLSRRIADENGKPRPAFSNALEPDFKALSIAVTGSGSCRHLQFIPVAPPSPGSSAAPATEVPDRDPEKSSEDDVYLHTVIPAVVVAAILLIAGIIAMICYRKKRKGKLTLEDQATFIKKGVPIIFADELDDSKPPPSSSMPLILQEEKAPLPPPEYPNQSMPETTPLNQDTVGEYTPLRDEDPNAPPYQPPPPFTAPMEGKGSRPKNMTPYRSPPPYVPP
DP00499,F:\DATA_F\PDB_1009\DP00499-summary,LTAATHWASMDPAVVHPELNGAAYSRYPPGVVSVAPTGIPAAVEGIVPSAMSLSHGLPPVAHPPHAPSPGQTVKPEADRDHTTDQL,['BB'],"['-3', '-0.5', '0', '-1', '0.5', '3', '1', '-2', '2']",5,Q9Z2F5,MSGVRPPIMNGPMHPRPLVALLDGRDCTVEMPILKDVATVAFCDAQSTQEIHEKVLNEAVGALMYHTITLTREDLEKFKALRIIVRIGSGFDNIDIKSAGDLGIAVCNVPAASVEETADSTLCHILNLYRRTTWLHQALREGTRVQSVEQIREVASGAARIRGETLGIIGLGRVGQAVALRAKAFGFNVLFYDPYLSDGIERALGLQRVSTLQDLLFHSDCVTLHCGLNEHNHHLINDFTVKQMRQGAFLVNTARGGLVDEKALAQALKEGRIRGAALDVHESEPFSFSQGPLKDAPNLICTPHAAWYSEQASIEMREEAAREIRRAITGRIPDSLKNCVNKDHLTAATHWASMDPAVVHPELNGAAYSRYPPGVVSVAPTGIPAAVEGIVPSAMSLSHGLPPVAHPPHAPSPGQTVKPEADRDHTTDQL
DP00549,F:\DATA_F\PDB_1009\DP00549-summary,RPQGSARPQPDPNAEFDPDLPGGGLHRCLACARYFIDSTNLK,['BB'],"['-0.5', '-1', '-2', '-3', '0', '0.5', '1', '2', '3']",5,O00488,MGRSRRTGAHRAHSLARQMKAKRRRPDLDEIHRELRPQGSARPQPDPNAEFDPDLPGGGLHRCLACARYFIDSTNLKTHFRSKDHKKRLKQLSVEPYSQEEAERAAGMGSYVPPRRLAVPTEVSTEVPEMDTST
DP00557,F:\DATA_F\PDB_1009\DP00557-summary,DDKYRELRSQLSNKSLAPEVHQQISKQLADRER,['BB'],"['-1', '-2', '-3', '0', '1', '2', '3']",5,Q00955,MSEESLFESSPQKMEYEITNYSERHTELPGHFIGLNTVDKLEESPLRDFVKSHGGHTVISKILIANNGIAAVKEIRSVRKWAYETFGDDRTVQFVAMATPEDLEANAEYIRMADQYIEVPGGTNNNNYANVDLIVDIAERADVDAVWAGWGHASENPLLPEKLSQSKRKVIFIGPPGNAMRSLGDKISSTIVAQSAKVPCIPWSGTGVDTVHVDEKTGLVSVDDDIYQKGCCTSPEDGLQKAKRIGFPVMIKASEGGGGKGIRQVEREEDFIALYHQAANEIPGSPIFIMKLAGRARHLEVQLLADQYGTNISLFGRDCSVQRRHQKIIEEAPVTIAKAETFHEMEKAAVRLGKLVGYVSAGTVEYLYSHDDGKFYFLELNPRLQVEHPTTEMVSGVNLPAAQLQIAMGIPMHRISDIRTLYGMNPHSASEIDFEFKTQDATKKQRRPIPKGHCTACRITSEDPNDGFKPSGGTLHELNFRSSSNVWGYFSVGNNGNIHSFSDSQFGHIFAFGENRQASRKHMVVALKELSIRGDFRTTVEYLIKLLETEDFEDNTITTGWLDDLITHKMTAEKPDPTLAVICGAATKAFLASEEARHKYIESLQKGQVLSKDLLQTMFPVDFIHEGKRYKFTVAKSGNDRYTLFINGSKCDIILRQLSDGGLLIAIGGKSHTIYWKEEVAATRLSVDSMTTLLEVENDPTQLRTPSPGKLVKFLVENGEHIIKGQPYAEIEVMKMQMPLVSQENGIVQLLKQPGSTIVAGDIMAIMTLDDPSKVKHALPFEGMLPDFGSPVIEGTKPAYKFKSLVSTLENILKGYDNQVIMNASLQQLIEVLRNPKLPYSEWKLHISALHSRLPAKLDEQMEELVARSLRRGAVFPARQLSKLIDMAVKNPEYNPDKLLGAVVEPLADIAHKYSNGLEAHEHSIFVHFLEEYYEVEKLFNGPNVREENIILKLRDENPKDLDKVALTVLSHSKVSAKNNLILAILKHYQPLCKLSSKVSAIFSTPLQHIVELESKATAKVALQAREILIQGALPSVKERTEQIEHILKSSVVKVAYGSSNPKRSEPDLNILKDLIDSNYVVFDVLLQFLTHQDPVVTAAAAQVYIRRAYRAYTIGDIRVHEGVTVPIVEWKFQLPSAAFSTFPTVKSKMGMNRAVSVSDLSYVANSQSSPLREGILMAVDHLDDVDEILSQSLEVIPRHQSSSNGPAPDRSGSSASLSNVANVCVASTEGFESEEEILVRLREILDLNKQELINASIRRITFMFGFKDGSYPKYYTFNGPNYNENETIRHIEPALAFQLELGRLSNFNIKPIFTDNRNIHVYEAVSKTSPLDKRFFTRGIIRTGHIRDDISIQEYLTSEANRLMSDILDNLEVTDTSNSDLNHIFINFIAVFDISPEDVEAAFGGFLERFGKRLLRLRVSSAEIRIIIKDPQTGAPVPLRALINNVSGYVIKTEMYTEVKNAKGEWVFKSLGKPGSMHLRPIATPYPVKEWLQPKRYKAHLMGTTYVYDFPELFRQASSSQWKNFSADVKLTDDFFISNELIEDENGELTEVEREPGANAIGMVAFKITVKTPEYPRGRQFVVVANDITFKIGSFGPQEDEFFNKVTEYARKRGIPRIYLAANSGARIGMAEEIVPLFQVAWNDAANPDKGFQYLYLTSEGMETLKKFDKENSVLTERTVINGEERFVIKTIIGSEDGLGVECLRGSGLIAGATSRAYHDIFTITLVTCRSVGIGAYLVRLGQRAIQVEGQPIILTGAPAINKMLGREVYTSNLQLGGTQIMYNNGVSHLTAVDDLAGVEKIVEWMSYVPAKRNMPVPILETKDTWDRPVDFTPTNDETYDVRWMIEGRETESGFEYGLFDKGSFFETLSGWAKGVVVGRARLGGIPLGVIGVETRTVENLIPADPANPNSAETLIQEPGQVWHPNSAFKTAQAINDFNNGEQLPMMILANWRGFSGGQRDMFNEVLKYGSFIVDALVDYKQPIIIYIPPTGELRGGSWVVVDPTINADQMEMYADVNARAGVLEPQGMVGIKFRREKLLDTMNRLDDKYRELRSQLSNKSLAPEVHQQISKQLADRERELLPIYGQISLQFADLHDRSSRMVAKGVISKELEWTEARRFFFWRLRRRLNEEYLIKRLSHQVGEASRLEKIARIRSWYPASVDHEDDRQVATWIEENYKTLDDKLKGLKLESFAQDLAKKIRSDHDNAIDGLSEVIKMLSTDDKEKLLKTLK
DP00575,F:\DATA_F\PDB_1009\DP00575-summary,MKLAPYILELLTSVNRTNGT,['BB'],"['3', '2', '1', '0', '-3', '-2', '-1']",5,P77072,MKLAPYILELLTSVNRTNGTADLLVPLLRELAKGRPVSRTTLAGILDWPAERVAAVLEQATSTEYDKDGNIIGYGLTLRETSYVFEIDDRRLYAWCALDTLIFPALIGRTARVSSHCAATGAPVSLTVSPSEIQAVEPAGMAVSLVLPQEAADVRQSFCCHVHFFASVPTAEDWASKHQGLEGLAIVSVHEAFGLGQEFNRHLLQTMSSRTP
DP00611,F:\DATA_F\PDB_1009\DP00611-summary,RTSIPNAASEEGDEDDWASN,['BB'],"['-0.5', '3', '0', '1', '-3', '-2', '2', '0.5', '-1']",5,P30291,MSFLSRQQPPPPRRAGAACTLRQKLIFSPCSDCEEEEEEEEEEGSGHSTGEDSAFQEPDSPLPPARSPTEPGPERRRSPGPAPGSPGELEEDLLLPGACPGADEAGGGAEGDSWEEEGFGSSSPVKSPAAPYFLGSSFSPVRCGGPGDASPRGCGARRAGEGRRSPRPDHPGTPPHKTFRKLRLFDTPHTPKSLLSKARGIDSSSVKLRGSSLFMDTEKSGKREFDVRQTPQVNINPFTPDSLLLHSSGQCRRRKRTYWNDSCGEDMEASDYELEDETRPAKRITITESNMKSRYTTEFHELEKIGSGEFGSVFKCVKRLDGCIYAIKRSKKPLAGSVDEQNALREVYAHAVLGQHSHVVRYFSAWAEDDHMLIQNEYCNGGSLADAISENYRIMSYFKEAELKDLLLQVGRGLRYIHSMSLVHMDIKPSNIFISRTSIPNAASEEGDEDDWASNKVMFKIGDLGHVTRISSPQVEEGDSRFLANEVLQENYTHLPKADIFALALTVVCAAGAEPLPRNGDQWHEIRQGRLPRIPQVLSQEFTELLKVMIHPDPERRPSAMALVKHSVLLSASRKSAEQLRIELNAEKFKNSLLQKELKKAQMAKAAAEERALFTDRMATRSTTQSNRTSRLIGKKMNRSVSLTIY
DP00622,F:\DATA_F\PDB_1009\DP00622-summary,MSATAATVPPAAPAGEGGPPAPPPNLTSNRRLQQT,['BB'],"['-1', '-2', '-3', '0', '1', '2', '3']",5,P63045,MSATAATVPPAAPAGEGGPPAPPPNLTSNRRLQQTQAQVDEVVDIMRVNVDKVLERDQKLSELDDRADALQAGASQFETSAAKLKRKYWWKNLKMMIILGVICAIILIIIIVYFST
DP00628,F:\DATA_F\PDB_1009\DP00628-summary,GIHKQKEKSRLQGGVLVNEILNHMKRATQIPSYKKLIMY,['BB'],"['3', '2', '1', '0', '-3', '-2', '-1']",5,P15309,MRAAPLLLARAASLSLGFLFLLFFWLDRSVLAKELKFVTLVFRHGDRSPIDTFPTDPIKESSWPQGFGQLTQLGMEQHYELGEYIRKRYRKFLNESYKHEQVYIRSTDVDRTLMSAMTNLAALFPPEGVSIWNPILLWQPIPVHTVPLSEDQLLYLPFRNCPRFQELESETLKSEEFQKRLHPYKDFIATLGKLSGLHGQDLFGIWSKVYDPLYCESVHNFTLPSWATEDTMTKLRELSELSLLSLYGIHKQKEKSRLQGGVLVNEILNHMKRATQIPSYKKLIMYSAHDTTVSGLQMALDVYNGLLPPYASCHLTELYFEKGEYFVEMYYRNETQHEPYPLMLPGCSPSCPLERFAELVGPVIPQDWSTECMTTNSHQGTEDSTD
DP00718,F:\DATA_F\PDB_1009\DP00718-summary,DMNSLMMGEDKIKFKHITPL,['BB'],"['-1', '-2', '-3', '0', '1', '2', '3']",5,P37231,MGETLGDSPIDPESDSFTDTLSANISQEMTMVDTEMPFWPTNFGISSVDLSVMEDHSHSFDIKPFTTVDFSSISTPHYEDIPFTRTDPVVADYKYDLKLQEYQSAIKVEPASPPYYSEKTQLYNKPHEEPSNSLMAIECRVCGDKASGFHYGVHACEGCKGFFRRTIRLKLIYDRCDLNCRIHKKSRNKCQYCRFQKCLAVGMSHNAIRFGRMPQAEKEKLLAEISSDIDQLNPESADLRALAKHLYDSYIKSFPLTKAKARAILTGKTTDKSPFVIYDMNSLMMGEDKIKFKHITPLQEQSKEVAIRIFQGCQFRSVEAVQEITEYAKSIPGFVNLDLNDQVTLLKYGVHEIIYTMLASLMNKDGVLISEGQGFMTREFLKSLRKPFGDFMEPKFEFAVKFNALELDDSDLAIFIAVIILSGDRPGLLNVKPIEDIQDNLLQALELQLKLNHPESSQLFAKLLQKMTDLRQIVTEHVQLLQVIKKTETDMSLHPLLQEIYKDLY
DP00719,F:\DATA_F\PDB_1009\DP00719-summary,MEAENAGSYSLQQAQAFYTFPFQQLMAEAPNMAVVNEQQMPEEVPAPAPA,['BB'],"['3', '2', '1', '0', '-3', '-2', '-1']",5,Q13569,MEAENAGSYSLQQAQAFYTFPFQQLMAEAPNMAVVNEQQMPEEVPAPAPAQEPVQEAPKGRKRKPRTTEPKQPVEPKKPVESKKSGKSAKSKEKQEKITDTFKVKRKVDRFNGVSEAELLTKTLPDILTFNLDIVIIGINPGLMAAYKGHHYPGPGNHFWKCLFMSGLSEVQLNHMDDHTLPGKYGIGFTNMVERTTPGSKDLSSKEFREGGRILVQKLQKYQPRIAVFNGKCIYEIFSKEVFGVKVKNLEFGLQPHKIPDTETLCYVMPSSSARCAQFPRAQDKVHYYIKLKDLRDQLKGIERNMDVQEVQYTFDLQLAQEDAKKMAVKEEKYDPGYEAAYGGAYGENPCSSEPCGFSSNGLIESVELRGESAFSGIPNGQWMTQSFTDQIPSFSNHCGTQEQEEESHA
DP00720,F:\DATA_F\PDB_1009\DP00720-summary,KKKKEKKSEKKEKKEKKHKEKERTKKPSKKKKDSGK,['BB'],"['-3', '3', '2', '-2', '0', '0.5', '1', '-0.5', '-1']",5,Q05344,MTDSLEYNDINAEVRGVLCSGRLKMTEQNIIFKNTKTGKVEQISAEDIDLINSQKFVGTWGLRVFTKGGVLHRFTGFRDSEHEKLGKFIKAAYSQEMVEKEMCVKGWNWGTARFMGSVLSFDKESKTIFEVPLSHVSQCVTGKNEVTLEFHQNDDAPVGLLEMRFHIPAVESAEEDPVDKFHQNVMSKASVISASGESIAIFREIQILTPRGRYDIKIFSTFFQLHGKTFDYKIPMDSVLRLFMLPHKDSRQMFFVLSLDPPIKQGQTRYHYLVLLFAPDEETTIELPFSEAELRDKYEGKLEKEISGPVYEVMGKVMKVLIGRKITGPGNFIGHSGTAAVGCSFKAAAGYLYPLERGFIYIHKPPLHIRFEEISSVNFARSGGSTRSFDFEVTLKNGTVHIFSSIEKEEYAKLFDYITQKKLHVSNMGKDKSGYKDVDFGDSDNENEPDAYLARLKAEAREKEEDDDDGDSDEESTDEDFKPNENESDVAEEYDSNVESDSDDDSDASGGGGDSDGAKKKKEKKSEKKEKKEKKHKEKERTKKPSKKKKDSGKPKRATTAFMLWLNDTRESIKRENPGIKVTEIAKKGGEMWKELKDKSKWEDAAAKDKQRYHDEMRNYKPEAGGDSDNEKGGKSSKKRKTEPSPSKKANTSGSGFKSKEYISDDDSTSSDDEKDNEPAKKKSKPPSDGDAKKKKAKSESEPEESEEDSNASDEDEEDEASD
DP00764,F:\DATA_F\PDB_1009\DP00764-summary,DRRIPGTAEENLQKSSGGVP,['BB'],"['-1', '-2', '-3', '0', '1', '2', '3']",5,O89467,MLNLADRRIPGTAEENLQKSSGGVPGQNTGGQEARPNYHCQLCFLRSLGIDYLDASLRKKNKQRLKAIQQGRQPQYLL
DP00768,F:\DATA_F\PDB_1009\DP00768-summary,HSSRPSQNIAAGLESPDQQAGAQILGQCGTGGSDEPSEPSRAEDPGPGPW,['BB'],"['-1', '-2', '-3', '0', '1', '2', '3']",5,Q28181-4,MLGWVQRVLPQPPGTPQKTKQEEEGTEPEPELEPKPETAPEETELEEVSLPPEEPCVGKEVAAVTLGPQGTQETALTPPTSLQAQVSVAPEAHSSPRGWVLTWLRKGVEKVVPQPAHSSRPSQNIAAGLESPDQQAGAQILGQCGTGGSDEPSEPSRAEDPGPGPWLLRWFEQNLEKMLPQPPKISEGWRDEPTDAALGPEPPGPALEIKPMLQAQESPSLPAPGPPEPEEEPIPEPQPTIQASSLPPPQDSARLMAWILHRLEMALPQPVIRGKGGEQESDAPVTCDVQTISILPGEQEESHLILEEVDPHWEEDEHQEGSTSTSPRTSEAAPADEEKGEVVEQTPRELPRIQEEKEDEEEEKEDGEEEEEEGREKEEEEGEEKEEEEGREKEEEEGEKKEEEGREKEEEEGGEKEDEEGREKEEEEGRGKEEEEGGEKEEEEGRGKEEVEGREEEEDEEEEQDHSVLLDSYLVPQSEEDQSEESETQDQSEVGGAQTQGEVGGAQALSEESETQDQSEVGGAQDQSEVGGAQAQGEVGGAQEQDGVGGAQDQSTSHQELQEEALADSSGGSFQMSPFEALQECEALKR
DP00778,F:\DATA_F\PDB_1009\DP00778-summary,MDFTAKIKELERELSETSDYKTLQKKTISL,['BB'],"['3', '2', '1', '0.5', '-3', '0', '-0.5', '-2', '-1']",5,P46670,MDFTAKIKELERELSETSDYKTLQKKTISLRSELNTLSHSLTSYEKEHFSNDIENVLKSINAKLSESKGKKRLFSFKQKNSSSAVHKNVERTELANAPAYTTTLKKHYVLEKGDSAFENLEFCTVTSTTDYSGNSALSGSLCFRNITKCVINLQRIFFQTGSIFITDCTDSIIFLRSPSDKDFQIRLRDLKNCKILIEKLSPSIDCKQVVIIENCHKCIFNASTRDHLIIQDFSNPFQSEETEDNSAFAFEDFDICNKDTMQLFRAYL
DP00809,F:\DATA_F\PDB_1009\DP00809-summary,AAPEKKESKPRKPKAAQVSEEASTPQGFNTLKDKLEEWIEMSNRKDLIKK,['BB'],"['-1', '-2', '-3', '0', '1', '2', '3']",5,P80870,MAAKFEVGSVYTGKVTGLQAYGAFVALDEETQGLVHISEVTHGFVKDINEHLSVGDEVQVKVLAVDEEKGKISLSIRATQAAPEKKESKPRKPKAAQVSEEASTPQGFNTLKDKLEEWIEMSNRKDLIKK
DP00858,F:\DATA_F\PDB_1009\DP00858-summary,VGAANNQNPAAEDKGATTPASKEEAKKSEAAAKNAGKAAGKALPKTSAVK,['BB'],"['3', '2', '1', '0', '-3', '-2', '-1']",5,A8AZZ3,MKKVLLSSVVALTLFAAAAPVFSADEATDAARNNDGAYYLQTQFTNADKVNEYLAQHDGEIRAEAAADPAVVAAKAALDAVEGGSHNYGEVKAAYEAAFNNAFNAVRNKYVQQFQATYNNATEQEGKTYIQGETPEQANARYLKRVGAANNQNPAAEDKGATTPASKEEAKKSEAAAKNAGKAAGKALPKTSAVK
DP00872,F:\DATA_F\PDB_1009\DP00872-summary,SGVNKSDKKVTPTEEKEQEAVSKSTSPAANSADTPNETGKRPLEEEKPPK,['BB'],"['3', '2', '1', '0', '-3', '-2', '-1']",5,P80428,MSNAALQVYGGDEVSAVVIDPGSYTTNIGYSGSDFPQSILPSVYGKYTADEGNKKIFSEQSIGIPRKDYELKPIIENGLVIDWDTAQEQWQWALQNELYLNSNSGIPALLTEPVWNSTENRKKSLEVLLEGMQFEACYLAPTSTCVSFAAGRPNCLVVDIGHDTCSVSPIVDGMTLSKSTRRNFIAGKFINHLIKKALEPKEIIPLFAIKQRKPEFIKKTFDYEVDKSLYDYANNRGFFQECKETLCHICPTKTLEETKTELSSTAKRSIESPWNEEIVFDNETRYGFAEELFLPKEDDIPANWPRSNSGVVKTWRNDYVPLKRTKPSGVNKSDKKVTPTEEKEQEAVSKSTSPAANSADTPNETGKRPLEEEKPPKENNELIGLADLVYSSIMSSDVDLRATLAHNVVLTGGTSSIPGLSDRLMTELNKILPSLKFRILTTGHTIERQYQSWLGGSILTSLGTFHQLWVGKKEYEEVGVERLLNDRFR
DP00893,F:\DATA_F\PDB_1009\DP00893-summary,IRAPTTMKKFEDSEKAKKPVRSMIETRGEKPKEKAKNSKKKGAKKEG,['BB'],"['3', '2', '1', '0.5', '0', '-0.5', '-1', '-2', '-3']",5,P08240,MLDFFTIFSKGGLVLWCFQGVSDSCTGPVNALIRSVLLQERGGNNSFTHEALTLKYKLDNQFELVFVVGFQKILTLTYVDKLIDDVHRLFRDKYRTEIQQQSALSLLNGTFDFQNDFLRLLREAEESSKIRAPTTMKKFEDSEKAKKPVRSMIETRGEKPKEKAKNSKKKGAKKEGSDGPLATSKPVPAEKSGLPVGPENGVELSKEELIRRKREEFIQKHGRGMEKSNKSTKSDAPKEKGKKAPRVWELGGCANKEVLDYSTPTTNGTPEAALSEDINLIRGTGSGGQLQDLDCSSSDDEGAAQNSTKPSATKGTLGGMFGMLKGLVGSKSLSREDMESVLDKMRDHLIAKNVAADIAVQLCESVANKLEGKVMGTFSTVTSTVKQALQESLVQILQPQRRVDMLRDIMDAQRRQRPYVVTFCGVNGVGKSTNLAKISFWLLENGFSVLIAACDTFRAGAVEQLRTHTRRLSALHPPEKHGGRTMVQLFEKGYGKDAAGIAMEAIAFARNQGFDVVLVDTAGRMQDNAPLMTALAKLITVNTPDLVLFVGEALVGNEAVDQLVKFNRALADHSMAQTPRLIDGIVLTKFDTIDDKVGAAISMTYITSKPIVFVGTGQTYCDLRSLNAKAVVAALMKA
DP00897,F:\DATA_F\PDB_1009\DP00897-summary,KKILSMIPGFGGAMPKELSH,['BB'],"['-1', '-2', '-3', '0', '1', '2', '3']",5,Q57565,MLDKLGENLNKALNKLKAAAFVDKKLIKEVIKDIQRALIQADVNVKLVLKMSKEIERRALEEKTPKGLSKKEHIIKIVYEELVKLLGEEAKKLELNPKKQNVILLVGIQGSGKTTTAAKLARYIQKRGLKPALIAADTYRPAAYEQLKQLAEKIHVPIYGDETRTKSPVDIVKEGMEKFKKADVLIIDTAGRHKEEKGLLEEMKQIKEITNPDEIILVIDGTIGQQAGIQAKAFKEAVGEIGSIIVTKLDGSAKGGGALSAVAETKAPIKFIGIGEGIDDLEPFDPKKFISRLLGMGDLESLLEKAEDMVDEKTEESIDAIMRGKFTLNELMTQLEAIENMGSMKKILSMIPGFGGAMPKELSHLTEAKIKKYKVIISSMTKEERENPKIIKASRIRRIARGSGTTENDVREVLRYYETTKNAIDKLRKGKMLRIGGPLGQIMRQLMFKEG
DP00899,F:\DATA_F\PDB_1009\DP00899-summary,QANVDPIVPNDFKPMKGYGN,['BB'],"['3', '2', '1', '0', '-1', '-2', '-3']",5,P44654,MINMTKQVSKILAGLFTALFAGSLMASDAPAVGKDLTQAAENIPPAFHNAPRQGELPALNYVNQPPMVPHSVANYQVTKNVNQCLNCHSPENSRLSGATRISPTHFMDRDGKVGSSSSPRRYFCLQCHVSQANVDPIVPNDFKPMKGYGN
DP00912,F:\DATA_F\PDB_1009\DP00912-summary,QEDEDEEEEREKKPAEQAEETAPIEATATKEEEGSS,['BB'],"['-3', '-2', '-1', '-0.5', '0', '3', '2', '0.5', '1']",5,Q8N4Q1,MSYCRQEGKDRIIFVTKEDHETPSSAELVADDPNDPYEEHGLILPNGNINWNCPCLGGMASGPCGEQFKSAFSCFHYSTEEIKGSDCVDQFRAMQECMQKYPDLYPQEDEDEEEEREKKPAEQAEETAPIEATATKEEEGSS
DP00929,F:\DATA_F\PDB_1009\DP00929-summary,KKRRQRRRAHQNSQTHQASLSKQPTSQPRGDPTGPKE,['BB'],"['3', '2', '1', '0', '-3', '-2', '-1']",5,P04608,MEPVDPRLEPWKHPGSQPKTACTNCYCKKCCFHCQVCFITKALGISYGRKKRRQRRRAHQNSQTHQASLSKQPTSQPRGDPTGPKE
DP00949,F:\DATA_F\PDB_1009\DP00949-summary,ILFKDNEKSCQNKESNKDDTKEAKESKENKEVSSPDDLELELENLEINDD,['BB'],"['3', '2', '1', '0', '-3', '-2', '-1']",5,Q9HAU5,MPAERKKPASMEEKDSLPNNKEKDCSERRTVSSKERPKDDIKLTAKKEVSKAPEDKKKRLEDDKRKKEDKERKKKDEEKVKAEEESKKKEEEEKKKHQEEERKKQEEQAKRQQEEEAAAQMKEKEESIQLHQEAWERHHLRKELRSKNQNAPDSRPEENFFSRLDSSLKKNTAFVKKLKTITEQQRDSLSHDFNGLNLSKYIAEAVASIVEAKLKISDVNCAVHLCSLFHQRYADFAPSLLQVWKKHFEARKEEKTPNITKLRTDLRFIAELTIVGIFTDKEGLSLIYEQLKNIINADRESHTHVSVVISFCRHCGDDIAGLVPRKVKSAAEKFNLSFPPSEIISPEKQQPFQNLLKEYFTSLTKHLKRDHRELQNTERQNRRILHSKGELSEDRHKQYEEFAMSYQKLLANSQSLADLLDENMPDLPQDKPTPEEHGPGIDIFTPGKPGEYDLEGGIWEDEDARNFYENLIDLKAFVPAILFKDNEKSCQNKESNKDDTKEAKESKENKEVSSPDDLELELENLEINDDTLELEGGDEAEDLTKKLLDEQEQEDEEASTGSHLKLIVDAFLQQLPNCVNRDLIDKAAMDFCMNMNTKANRKKLVRALFIVPRQRLDLLPFYARLVATLHPCMSDVAEDLCSMLRGDFRFHVRKKDQINIETKNKTVRFIGELTKFKMFTKNDTLHCLKMLLSDFSHHHIEMACTLLETCGRFLFRSPESHLRTSVLLEQMMRKKQAMHLDARYVTMVENAYYYCNPPPAEKTVKKKRPPLQEYVRKLLYKDLSKVTTEKVLRQMRKLPWQDQEVKDYVICCMINIWNVKYNSIHCVANLLAGLVLYQEDVGIHVVDGVLEDIRLGMEVNQPKFNQRRISSAKFLGELYNYRMVESAVIFRTLYSFTSFGVNPDGSPSSLDPPEHLFRIRLVCTILDTCGQYFDRGSSKRKLDCFLVYFQRYVWWKKSLEVWTKDHPFPIDIDYMISDTLELLRPKIKLCNSLEESIRQVQDLEREFLIKLGLVNDKDSKDSMTEGENLEEDEEEEEGGAETEEQSGNESEVNEPEEEEGSDNDDDEGEEEEEENTDYLTDSNKENETDEENTEVMIKGGGLKHVPCVEDEDFIQALDKMMLENLQQRSGESVKVHQLDVAIPLHLKSQLRKGPPLGGGEGEAESADTMPFVMLTRKGNKQQFKILNVPMSSQLAANHWNQQQAEQEERMRMKKLTLDINERQEQEDYQEMLQSLAQRPAPANTNRERRPRYQHPKGAPNADLIFKTGGRRR
DP00958,F:\DATA_F\PDB_1009\DP00958-summary,KLPVAQYSAPDGVEKSFAPI,['BB'],"['-1', '-2', '-3', '0', '1', '2', '3']",5,P46984,MKLPVAQYSAPDGVEKSFAPIRDDPRYMTTEGRTTGPSDHVLNAGQIDRDKPSEPERTKDGSQLTYLGQLRTQLTGLQDDINEFLTGRMELAKNKKKAGADEKRIQEEINQLLDGGDGDEDAV
DP00974,F:\DATA_F\PDB_1009\DP00974-summary,QNSARIRQNTREHPSTANTVDRTNHQLENLEAETAPLP,['BB'],"['3', '2', '1', '0', '-3', '-2', '-1']",5,P42866,MDSSAGPGNISDCSDPLAPASCSPAPGSWLNLSHVDGNQSDPCGPNRTGLGGSHSLCPQTGSPSMVTAITIMALYSIVCVVGLFGNFLVMYVIVRYTKMKTATNIYIFNLALADALATSTLPFQSVNYLMGTWPFGNILCKIVISIDYYNMFTSIFTLCTMSVDRYIAVCHPVKALDFRTPRNAKIVNVCNWILSSAIGLPVMFMATTKYRQGSIDCTLTFSHPTWYWENLLKICVFIFAFIMPVLIITVCYGLMILRLKSVRMLSGSKEKDRNLRRITRMVLVVVAVFIVCWTPIHIYVIIKALITIPETTFQTVSWHFCIALGYTNSCLNPVLYAFLDENFKRCFREFCIPTSSTIEQQNSARIRQNTREHPSTANTVDRTNHQLENLEAETAPLP
DP01023,F:\DATA_F\PDB_1009\DP01023-summary,MPRGFLVKRSKKSTPVSYRV,['BB'],"['3', '2', '1', '0', '-3', '-2', '-1']",5,Q01101,MPRGFLVKRSKKSTPVSYRVRGGEDGDRALLLSPSCGGARAEPPAPSPVPGPLPPPPPAERAHAALAAALACAPGPQPPPQGPRAAHFGNPEAAHPAPLYSPTRPVSREHEKHKYFERSFNLGSPVSAESFPTPAALLGGGGGGGASGAGGGGTCGGDPLLFAPAELKMGTAFSAGAEAARGPGPGPPLPPAAALRPPGKRPPPPTAAEPPAKAVKAPGAKKPKAIRKLHFEDEVTTSPVLGLKIKEGPVEAPRGRAGGAARPLGEFICQLCKEEYADPFALAQHKCSRIVRVEYRCPECAKVFSCPANLASHRRWHKPRPAPAAARAPEPEAAARAEAREAPGGGSDRDTPSPGGVSESGSEDGLYECHHCAKKFRRQAYLRKHLLAHHQALQAKGAPLAPPAEDLLALYPGPDEKAPQEAAGDGEGAGVLGLSASAECHLCPVCGESFASKGAQERHLRLLHAAQVFPCKYCPATFYSSPGLTRHINKCHPSENRQVILLQVPVRPAC
DP01082,F:\DATA_F\PDB_1009\DP01082-summary,NKTDTIAPTVQSVVSLSPTTIQVVYSESINNKEALDLSNYKIINSSN,['BB'],"['-1', '-2', '-3', '0', '1', '2', '3']",5,Q7X2A1,MKKIFCISIFLSMFFQSCMSWPLLTSLAGLAAGKRGGDSSFFHLLLGNSNPTITRIELSYQDSSIANGTSTALEVTAIFDNGTNQNITDSTYIVPDSQSVVTIQGNRVRGITSGSSIIKAEYNGLYSEQKITVTPAILNSIQVTSLESGILPKGTNRQLSAIGIFSDGSHQDISNDPLIVWSSSNPDLVQVDDSGLASGINLGTAHIRASFQSKQGAEEMTVGDAVLSQIQVTSNNLNIPLGKKQKLTATGIYSDNSNRDISSSVIWNSSNSTIANIQNNGILETADTGIVTVSASTENIIGSVKLIVTPAALVSISVSPTNSTVAKGLQENFKATGIFTDNSNSDITDQVTWDSSNTDILSISNASDSHGLASTLNQGNVKVTASIGGIQGSTDFKVTQEVLTSIEVSPTRTSIAKGLTQKFTAIGIFTDNSKKDITDQVTWNSSSAIVSVSNLDDNKGLGKAHAVGDTTITATLGKVAGKTWLTVVPAVLTSIQINPVNPSLAKGLTQKFTATGIYSDNSNKDITSAVTWFSSDSSIATISNAQKNQGNAYGAATGTTDIKATFGKVSSPVSTLSVTAAKLVEIQITPAAASKAKGLTERFKATGIFTDNSNSDITNQVTWNSSNTDIAEIKNTSGSKGITNTLTPGSSEISAALGSIKSSKVILKVTPAQLISIAVTPINPSVAKGLIRQFKATGTYTDHSVQDVTALATWSSSNPGKAMVNNVTGSVTTVATGNTNIKATIDSISGSSVLNVTPALLTSIEITPTINSITHGLTKQFKATGIFSDKSTQNLTQLVTWISSDPSKIEIENTSGKKGIATASKLGSSNIKAVYKFVQSSPIPITVTDLKLKSITISPSSSSIAKGLTQQFKAIGTFIDGSEQEITNLVTWYSSKSDVAPINNAANAKGLATALSIGSSNISAIYNSISSNKINFNVSAATLDSIKINPVNNNIAKGLTQQYTALGVYSDSTIQDISDSVTWSSSNSSSISISNSTETKGKATALQIGKSKITATYNSISENIDITVSAATLSSISISPINTNINATVSKQFFAMGTYSDGTKADLTSSVTWSSSNKSQSKVSNASKTKGLVTGIASGNSIITATYGSVSGNTILTVNKTDTIAPTVQSVVSLSPTTIQVVYSESINNKEALDLSNYKIINSSNFIGHCSDNTDFNSNSQTADFSLSSIKGSKNTFTITLSHSQILNKSYTLVVNKQGIHDLSSIPNSLSCPNNSDFIGKEQLKLTSAVCNSLNQVIVSFSKPLYSGKEATKSVECSNPSQCESRYKFAGVSSLGSITSVRILDGKVCGGAPADSSKICLTHSLLQSGGQYTIIAANDLNGDGFDNKSWGAIRDSFDQENLQSSPKDRINFIGCGNSPLNFMDGPIVSDPFGDGSDFGFLVDYNNQIYLGPNVKGNQAARFNYDGTFPESIFFSFTQDINATNRASSRDGGIPVPNYVTIGHTGCTLNSADITTGCGPDNEDGRGVFATGSLDKKSHIFIAGSKPKSFNYLYYSSDTDTNLNFKYISMGKITGLATAGTSSIAVLDDRIHVGFAKKNQNLNAPDFGKITFNTSEHNRCAIVNNCEASDGYRGNRFRIDRMPYFGGGSVDVVNYRSYKSDNSSINWGYYVGIDSLFVFKEKLYAANGGFPNSLHNGSIIHSTSANPSPCEGINRCSSWKDTAPRSNPKWHNSPHNNWFSLELTKYRNLIPADKAFSQFAEFNGRLYVTRTICVTKEDHSGLRQSLQTVKGCTDGSYTNRRPQLWKCDPTLTGDTTTCEAEDWSLVGDNGTGFTNFGDNSNHSMTMMVASGSYLYIGFDNENGIQIWRTNLENPGSSSHNWEPIGIGGLRDVTNRQIYSAISGMNFGVNFVYISVGNKNKPVKIYRQQNQ
DP01128,F:\DATA_F\PDB_1009\DP01128-summary,KPSACRNLFGPVDHEELTRDLEKHCRDMEEASQRKWNFDFQNHKPLEGKYEWQEVEKGSLPEFYYRPPR,['BB'],"['2', '3', '1', '-0.5', '-1', '-2', '0', '0.5', '-3']",5,O43806,MSNVRVSNGSPSLERMDARQAEHPKPSACRNLFGPVDHEELTRDLEKHCRDMEEASQRKWNFDFQNHKPLEGKYEWQEVEKGSLPEFYYRPPRPPKGACKVPAQESQDGSGSRPAAPLIGAPANSEDTHLVDPKTDPSDSQTGLAEQCAGIRKRPATD
DP01327,F:\DATA_F\PDB_1009\DP01327-summary,QTQQEEEEEDEDHGPDDYDEEDEDEVEEEETNRL,['BB'],"['-3', '-1', '0.5', '0', '-2', '-0.5', '1', '2', '3']",5,Q8IV16,MKALGAVLLALLLFGRPGRGQTQQEEEEEDEDHGPDDYDEEDEDEVEEEETNRLPGGRSRVLLRCYTCKSLPRDERCNLTQNCSHGQTCTTLIAHGNTESGLLTTHSTWCTDSCQPITKTVEGTQVTMTCCQSSLCNVPPWQSSRVQDPTGKGAGGPRGSSETVGAALLLNLLAGLGAMGARRP
DP01641,F:\DATA_F\PDB_1009\DP01641-summary,GPRSPSYGRSRSRSRSRSRSRSRSNSRSRSYSPRRSRGSPRYSPRHSRSRSRT,['BB'],"['0.5', '1', '-2', '-0.5', '-1', '-3', '2', '3', '0']",5,Q07955,MSGGGVIRGPAGNNDCRIYVGNLPPDIRTKDIEDVFYKYGAIRDIDLKNRRGGPPFAFVEFEDPRDAEDAVYGRDGYDYDGYRLRVEFPRSGRGTGRGGGGGGGGGAPRGRYGPPSRRSENRVVVSGLPPSGSWQDLKDHMREAGDVCYADVYRDGTGVVEFVRKEDMTYAVRKLDNTKFRSHEGETAYIRVKVDGPRSPSYGRSRSRSRSRSRSRSRSNSRSRSYSPRRSRGSPRYSPRHSRSRSRT
DP02138,F:\DATA_F\PDB_1009\DP02138-summary,KKEEEDDEEDEEDEEEEEEEEDEDEEEDDDD,['BB'],"['-3', '0.5', '-2', '-0.5', '1', '2', '0', '-1', '3']",5,P63159,MGKGDPKKPRGKMSSYAFFVQTCREEHKKKHPDASVNFSEFSKKCSERWKTMSAKEKGKFEDMAKADKARYEREMKTYIPPKGETKKKFKDPNAPKRPPSAFFLFCSEYRPKIKGEHPGLSIGDVAKKLGEMWNNTAADDKQPYEKKAAKLKEKYEKDIAAYRAKGKPDAAKKGVVKAEKSKKKKEEEDDEEDEEDEEEEEEEEDEDEEEDDDDE
DP02143,F:\DATA_F\PDB_1009\DP02143-summary,MRVKGPSSRRKKKKILKLAKGYRGQRSRSYRRAKEAVMRALYYQYRDRKLRKREFRRLW,['BB'],"['-1', '-2', '-3', '0', '1', '2', '3']",5,O67086,MRVKGPSSRRKKKKILKLAKGYRGQRSRSYRRAKEAVMRALYYQYRDRKLRKREFRRLWIARINAAVRAYGLNYSTFINGLKKAGIELDRKILADMAVRDPQAFEQVVNKVKEALQVQ
E1A,F:\DATA_F\PDB_1009\E1A-summary,MRHIICHGGVITEEMAASLLDQLIEEVLADNLPPPSHFEP,['BB'],"['-1', '-2', '-3', '0', '1', '2', '3']",5,P03254,
Fibs1NTD,F:\DATA_F\PDB_1009\Fibs1NTD-summary,MKPGFSPRGGGFGGRGGFGDRGGRGGRGGFGGGRGRGGGFRGRGRGGGGGGGGGGGGGRGGGGFHSGGNRGRGRGGKRGNQSGKNVMVEP,['BB'],"['2', '-3', '-0.5', '1', '0.5', '0', '-2', '-1', '3']",5,P22087,
fl,F:\DATA_F\PDB_1009\fl-summary,KVSSKRIPYAPSGEIPKFSLQDPPNKKPKV,['BB'],"['-0.5', '-1', '-2', '-3', '0', '0.5', '1', '2', '3']",5,O60701,
FUS,F:\DATA_F\PDB_1009\FUS-summary,MASNDYTQQATQSYGAYPTQPGQGYSQQSSQPYGQQSYSGYSQSTDTSGYGQSSYSSYGQSQNTGYGTQSTPQGYGSTGGYGSSQSSQSSYGQQSSYPGYGQQPAPSSTSGSYGSSSQSSSYGQPQSGSYSQQPSYGGQQQSYGQQQSYNPPQGYGQQNQYNS,['BB'],"['-1', '-2', '-3', '0', '1', '2', '3']",5,P35637,
NproteinCTD,F:\DATA_F\PDB_1009\NproteinCTD-summary,PTEPKKDKKKKADETQALPQRQKKQQTVTLLPAADLDDFSKQLQQSMSSADSTQA,['BB'],"['-1', '-2', '-3', '0', '1', '2', '3']",5,P0DTC9,
NproteinLINK,F:\DATA_F\PDB_1009\NproteinLINK-summary,MSDNGPQNQRNAPRITFGGPSDSTGSNQNGERSGARSKQRRPQGLPNNT,['BB'],"['3', '2', '1', '0.5', '0', '-3', '-2', '-1', '-0.5']",5,P0DTC9,
NproteinNTD,F:\DATA_F\PDB_1009\NproteinNTD-summary,MSDNGPQNQRNAPRITFGGPSDSTGSNQNGERSGARSKQRRPQGLPNNT,['BB'],"['-0.5', '-1', '-2', '-3', '0', '0.5', '1', '2', '3']",5,P0DTC9,
P03520,F:\DATA_F\PDB_1009\P03520-summary,DNLTKVREYLKSYSRLDQAVGEIDEIEAQRAEKSNYELFQEDGVEEHTKPSYFQAADDS,['BB'],"['-1', '-2', '-3', '0', '1', '2', '3']",5,P03520,MDNLTKVREYLKSYSRLDQAVGEIDEIEAQRAEKSNYELFQEDGVEEHTKPSYFQAADDSDTESEPEIEDNQGLYAQDPEAEQVEGFIQGPLDDYADEEVDVVFTSDWKPPELESDEHGKTLRLTSPEGLSGEQKSQWLSTIKAVVQSAKYWNLAECTFEASGEGVIMKERQITPDVYKVTPVMNTHPSQSEAVSDVWSLSKTSMTFQPKKASLQPLTISLDELFSSRGEFISVGGDGRMSHKEAILLGLRYKKLYNQARVKYSL
P15516,F:\DATA_F\PDB_1009\P15516-summary,DSHAKRHHGYKRKFHEKHHSHRGY,['BB'],"['-3', '-1', '-2', '-0.5', '0', '2', '0.5', '1', '3']",5,P15516,MKFFVFALILALMLSMTGADSHAKRHHGYKRKFHEKHHSHRGYRSNYLYDN
p53,F:\DATA_F\PDB_1009\p53-summary,MEEPQSDPSVEPPLSQETFSDLWKLLPENNVLSPLPSQAMDDLMLSPDDIEQWFTEDPGPD,['BB'],"['-1', '-2', '-3', '0', '1', '2', '3']",5,P04637,
Pdomain,F:\DATA_F\PDB_1009\Pdomain-summary,YQQATAAAAAAAAGMPGQFMPPMFYGVMPPRGVPFNGPNPQQMNPMGGMPKNGMPPQFRNGPVYGVPPQGGFPRNANDNNQFYQ,['BB'],"['-1', '-2', '-3', '0', '1', '2', '3']",5,P04147,
pro,F:\DATA_F\PDB_1009\pro-summary,KVSSKRISYASSGEISKFSLQDSSNKKSKV,['BB'],"['3', '2', '1', '0.5', '0', '-3', '-2', '-1', '-0.5']",5,n/a,
puma_wildfull,F:\DATA_F\PDB_1009\puma_wildfull-summary,VEEEEWAREIGAQLRRIADDLNAQYERRRQEEQH,['BB'],"['-3', '-2', '-1', '-0.5', '0', '0.5', '1', '2', '3']",5,Q99ML1,
Q02199,F:\DATA_F\PDB_1009\Q02199-summary,GCQTSRGLFGNNNTNNINNSSSGMNNASAGLFGSKPCA,['BB'],"['-1', '-2', '-3', '0', '1', '2', '3']",5,Q02199,MFGLNKASSTPAGGLFGQASGASTGNANTGFSFGGTQTGQNTGPSTGGLFGAKPAGSTGGLGASFGQQQQQSQTNAFGGSATTGGGLFGNKPNNTANTGGGLFGANSNSNSGSLFGSNNAQTSRGLFGNNNTNNINNSSSGMNNASAGLFGSKPAGGTSLFGNTSTSSAPAQNQGMFGAKPAGTSLFGNNAGNTTTGGGLFGSKPTGATSLFGSSNNNNNNNNSNNIMSASGGLFGNQQQQLQQQPQMQCALQNLSQLPITPMTRISELPPQIRQEIEQLDQYIQKQVQISHHLKADTIDHDELIDSIPRDVAYLLKSESATSQYLKQDLKKISSFKSLIDEDLLDTQTFSVLLQQLLTPGSKISSNDLDKFFQKKIHLYEKKLEDYCRILSDIETAVNGIDTDLFGAPNNPNSTAITADLGSSEAENLLQLKTGLAAIVSTVIEEFTLFMDIAERIAVLHQKTKTLASLSI
Q03281,F:\DATA_F\PDB_1009\Q03281-summary,ACETNKRKREQISTDNEAKMQIQEEKSPKKKRKKRSSKANKPPECA,['BB'],"['-1', '-2', '-3', '0', '1', '2', '3']",5,Q03281,MDHRNLDPKTLKVSQLRRVLVENDVAFPANARKPVLVKLFEEKVRQRLQSSPEASKVRTSIQKVVKSGAKNADRKKTLKSKKLESSSSESKTVKDENVETNKRKREQISTDNEAKMQIQEEKSPKKKRKKRSSKANKPPESPPQSKSDGKATSADLTSELETVEELHKKDSSDDKPRVKELPKPELPNLKVSNEFLAQLNKELASAATENYDHSIKSTDLSSIRIETEEPVGPSTGAETRNESEVMENINLEVQPEVKEAKEELTKISETFDNQDEEDTSRLSSKKNIRSPKGRTRHFIANKTKRGIDIMKPFIAHLFIWLWNGAIFLSIICPILFGLWYREQRIQVGYCGHEKPLKSLAISAFPQTERVDSVLQAYRPNCLECPEHGICSSFMNVECEPGYEPKSSILETYGIIPFPKYCAKDESKEKEVDELVWKVNEYLKKKNAQHECGEGENLFESGETETKLYDIFSHSRPSWESQREFNDHWKNVLEILKKKDDIIWLPLDFETNGKREKSKSNNTNYIYRSTSKKWVTLQCHLEGDIQEYITKYGGSLFITLGVLFLIKKIQSTLDNYVQGEQIIEKLVKEAIDKLKDVKKNKGEEPFLTTVQLRATLLSDIPNIKEQNNLWAQTKEKIMKEQSENIELYLLEENGEIMTCWEWKE
Q16236_tail,F:\DATA_F\PDB_1009\Q16236_tail-summary,EDGKPYSPSEYSLQQTRDGNVFLVPKSKKPDVKKN,['BB'],"['-1', '-2', '-3', '0', '1', '2', '3']",5,Q16236,
Q8B9Q8,F:\DATA_F\PDB_1009\Q8B9Q8-summary,MSFPEGKDILFMGNEAAKLAEAFQKSLRKPSHKRSQSIIGEKVNTVSETLELPTISRPTKP,['BB'],"['-1', '-2', '-3', '0', '1', '2', '3']",5,Q8B9Q8,
r1,F:\DATA_F\PDB_1009\r1-summary,KPSKSPKSISPKPALDPGFPYVNREQKVKI,['BB'],"['3', '2', '1', '0.5', '0', '-3', '-2', '-1', '-0.5']",5,n/a,
r2,F:\DATA_F\PDB_1009\r2-summary,DKKPYVFLSPNPKSPIKVQKKPSEAGRPIS,['BB'],"['3', '2', '1', '0.5', '0', '-3', '-2', '-1', '-0.5']",5,n/a,
SurviCV1,F:\DATA_F\PDB_1009\SurviCV1-summary,RSKGRDFVHSVQETHSQLLGSWDPWEEPEDAAPVAPSVPASGYPELPTPRREVQSESAQEPGARDVEAQLRRLQEERT,['BB'],"['-2', '1', '0.5', '-1', '3', '-0.5', '-3', '0', '2']",5,Q96CA5,
SurviCV2,F:\DATA_F\PDB_1009\SurviCV2-summary,RSKGRDFVHSVQETHSQLLGSWDPWEEPEDAAPVAPSVPASGYPELPTPRREVQSESAQEPGGVSPAEAQRAWWVLEPPGARDVEAQLRRLQEERT,['BB'],"['1', '2', '0.5', '0', '-1', '-0.5', '-3', '3', '-2']",5,Q96CA5,
SurviNTD,F:\DATA_F\PDB_1009\SurviNTD-summary,MGPKDSAKCLHRGPQPSHWAAGDGPTQERCGPRSLGSPVLGLDTCRAWDHVDGQILGQLRPLTEEEEEEGAGATLSRGPAFPGMGSEEL,['BB'],"['-0.5', '-1', '-2', '2', '0', '-3', '0.5', '3', '1']",5,Q96CA5,
